Año;Comunidad;Porcentaje;;;;;
2024;Stack Overflow;78;;;;;
2025;Stack Overflow;80;;;;;
2026;Stack Overflow;82;;;;;
2027;Stack Overflow;84;;;;;
2028;Stack Overflow;86;;;;;
2024;GitHub;70;;;;;
2025;GitHub;73;;;;;
2026;GitHub;76;;;;;
2027;GitHub;80;;;;;
2028;GitHub;83;;;;;
2024;Dev.to;25;;;;;
2025;Dev.to;30;;;;;
2026;Dev.to;35;;;;;
2027;Dev.to;40;;;;;
2028;Dev.to;45;;;;;
2024;Reddit;40;;;;;
2025;Reddit;42;;;;;
2026;Reddit;44;;;;;
2027;Reddit;46;;;;;
2028;Reddit;48;;;;;
2024;GitLab;35;;;;;
2025;GitLab;38;;;;;
2026;GitLab;42;;;;;
2027;GitLab;45;;;;;
2028;GitLab;47;;;;;
